user_id,calories_left,proteins_left,fats_left,carbs_left
user950,334.3,9.52566,12.0713,51.7458
erzhan223,1089.3426,34.4799,37.8684,157.0798
erzhan12,7484.280000000001,102.48399999999998,93.11582999999999,1366.9188
